0,nospec_no_specifier_test,1605059763,0
1,nospec_empty_string,1605059763,0
2,nospec_some_escaped_chars,1605059763,0
3,nospec_successive_5_5,1605059763,0
4,nospec_successive_2_9,1605059763,0
5,nospec_successive_8_3,1605059763,0
6,pct_basic,1605059763,0
7,pct_5w,1605059763,1603568185
8,pct_5wlj,1605059763,1603568185
9,pct_5wzp,1605059763,1603568185
10,pct_5wljzp,1605059763,1603568185
11,nocrash_nullspec_basic,1605059763,1603568185
12,nocrash_nullspec_5w,1605059763,1603568185
13,nocrash_nullspec_5wzp,1605059763,1603568185
14,nocrash_nullspec_5wzplj,1605059763,1603568185
15,nocrash_nullspec_5wlj,1605059763,1603568185
16,s_basic_string_expansion,1605059763,0
17,s_only_string_expansion,1605059763,0
18,s_two_string_expansions,1605059763,0
19,s_two_string_expansions2,1605059763,0
20,s_empty_string_expansion,1605059763,0
21,s_full_then_empty_string,1605059763,0
22,s_empty_then_full_string,1605059763,0
23,s_three_strings,1605059763,0
24,s_space_padded_field_width,1605059763,0
25,s_space_padded_field_width2,1605059763,0
26,s_space_padded_over_field_width,1605059763,1603568185
27,s_space_padded_field_width_lj,1605059763,1603568185
28,s_space_padded_field_width2_lj,1605059763,1603568185
29,s_space_padded_over_field_width_lj,1605059763,1603568185
30,s_string_prec_notrunc,1605059763,0
31,s_string_prec_trunc,1605059763,0
32,s_string_prec_default,1605059763,1603568185
33,s_string_prec_zero,1605059763,0
34,s_two_strings_prec_2trunc,1605059763,0
35,s_two_strings_prec_1trunc_a,1605059763,0
36,s_two_strings_prec_1trunc_b,1605059763,0
37,s_two_strings_prec_0trunc,1605059763,0
38,s_string_prec_width_notrunc,1605059763,0
39,s_string_prec_width_trunc,1605059763,0
40,s_string_prec_width_notrunc_lj,1605059763,1603568185
41,s_string_prec_width_trunc_lj,1605059763,1603568185
42,s_two_s_prec_width_2fit_0trunc,1605059763,1603568185
43,s_two_s_prec_width_1fit_a_0trunc,1605059763,1603568185
44,s_two_s_prec_width_1fit_b_0trunc,1605059763,1603568185
45,s_two_s_prec_width_0fit_0trunc,1605059763,0
46,s_two_s_prec_width_2fit_1trunc_a,1605059763,1603568185
47,s_two_s_prec_width_1fit_a_1trunc_a,1605059763,1603568185
48,s_two_s_prec_width_1fit_b_1trunc_a,1605059763,0
49,s_two_s_prec_width_0fit_1trunc_a,1605059763,0
50,s_two_s_prec_width_2fit_1trunc_b,1605059763,1603568185
51,s_two_s_prec_width_1fit_a_1trunc_b,1605059763,0
52,s_two_s_prec_width_1fit_b_1trunc_b,1605059763,1603568185
53,s_two_s_prec_width_0fit_1trunc_b,1605059763,0
54,s_two_s_prec_width_2fit_2trunc,1605059763,0
55,s_two_s_prec_width_1fit_a_2trunc,1605059763,0
56,s_two_s_prec_width_1fit_b_2trunc,1605059763,0
57,s_two_s_prec_width_0fit_2trunc,1605059763,0
58,s_two_s_prec_width_2trunc,1605059763,1603568185
59,s_two_strings_lj_and_rj,1605059763,1603568185
60,s_two_strings_rj_and_lj,1605059763,1603568185
61,s_null_basic_string_expansion,1605059763,1603568185
62,s_null_only_string_expansion,1605059763,1603568185
63,s_null_space_padded_field_width,1605059763,1603568185
64,s_null_space_padded_over_field_width,1605059763,1603568185
65,s_null_space_padded_field_width_lj,1605059763,1603568185
66,s_null_space_padded_field_width2_lj,1605059763,1603568185
67,s_null_space_padded_over_field_width_lj,1605059763,1603568185
68,s_null_string_prec_notrunc,1605059763,0
69,s_null_string_prec_trunc,1605059763,0
70,s_null_string_prec_default,1605059763,1603568185
71,s_null_string_prec_zero,1605059763,0
72,s_basic_s_hidden,1605059763,0
73,s_width_3_s_hidden,1605059763,1603568185
74,s_width_9_s_hidden,1605059763,0
75,s_prec_no_width_s_hidden,1605059763,1603568185
76,s_prec_9_no_width_s_hidden,1605059763,0
77,s_prec_03_no_width_s_hidden,1605059763,0
78,s_prec_09_no_width_s_hidden,1605059763,0
79,s_prec_03_no_width_s_null,1605059763,1603568185
80,s_prec_09_no_width_s_null,1605059763,1603568185
81,s_prec_00_no_width_s_nullchar,1605059763,0
82,s_prec_01_no_width_s_nullchar,1605059763,0
83,s_prec_03_no_width_s_nullchar,1605059763,0
84,s_prec_09_no_width_s_nullchar,1605059763,0
85,s_prec_0_width_3_s_hidden,1605059763,1603568185
86,s_prec_0_width_10_s_hidden,1605059763,1603568185
87,s_prec_0_width_3_s_null,1605059763,1603568185
88,s_prec_0_width_10_s_null,1605059763,1603568185
89,s_prec_0_width_1_s_nullchar,1605059763,0
90,s_prec_0_width_2_s_nullchar,1605059763,0
91,s_prec_0_width_9_s_nullchar,1605059763,0
92,s_prec_0_lj_width_3_s_hidden,1605059763,1603568185
93,s_prec_0_lj_width_8_s_hidden,1605059763,1603568185
94,s_prec_0_lj_width_3_s_null,1605059763,1603568185
95,s_prec_0_lj_width_8_s_null,1605059763,1603568185
96,s_prec_0_lj_width_1_s_nullchar,1605059763,0
97,s_prec_0_lj_width_2_s_nullchar,1605059763,0
98,s_prec_0_lj_width_6_s_nullchar,1605059763,0
99,s_prec_1_width_3_s_hidden,1605059763,0
100,s_prec_1_width_10_s_hidden,1605059763,0
101,s_prec_1_width_3_s_null,1605059763,1603568185
102,s_prec_1_width_9_s_null,1605059763,1603568185
103,s_prec_1_lj_width_3_s_hidden,1605059763,1603568185
104,s_prec_1_lj_width_10_s_hidden,1605059763,1603568185
105,s_prec_1_lj_width_3_s_null,1605059763,1603568185
106,s_prec_1_lj_width_9_s_null,1605059763,1603568185
107,s_prec_1_lj_width_3_s_nullchar,1605059763,0
108,s_prec_1_lj_width_6_s_nullchar,1605059763,0
109,s_prec_perfect_width_3_s_hidden,1605059763,0
110,s_prec_perfect_width_20_s_hidden,1605059763,0
111,s_prec_perfect_width_3_s_null,1605059763,1603568185
112,s_prec_perfect_width_20_s_null,1605059763,1603568185
113,s_prec_perfect_width_3_s_nullchar,1605059763,1603568185
114,s_prec_perfect_width_6_s_nullchar,1605059763,1603568185
115,s_prec_perfect_lj_width_3_s_hidden,1605059763,0
116,s_prec_perfect_lj_width_20_s_hidden,1605059763,1603568185
117,s_prec_8_lj_width_3_s_hidden,1605059763,0
118,s_prec_8_lj_width_10_s_hidden,1605059763,1603568185
119,s_prec_8_lj_width_3_s_null,1605059763,1603568185
120,s_prec_8_lj_width_10_s_null,1605059763,1603568185
121,s_prec_00_lj_s_hidden_trunc,1605059763,0
122,s_prec_09_lj_s_hidden_notrunc,1605059763,0
123,s_undefbehav_0_2zero,1605059763,0
124,s_undefbehav_0_3zero,1605059763,0
125,s_undefbehav_0_4zero,1605059763,0
126,s_undefbehav_0_lj_2zero,1605059763,0
127,s_undefbehav_0_zero_lj_zero,1605059763,0
128,s_undefbehav_0_2zero_lj,1605059763,0
129,s_undefbehav_0_width_3,1605059763,1603568185
130,s_undefbehav_0_width_9,1605059763,1603568185
131,s_undefbehav_lj_0_width_3,1605059763,1603568185
132,s_undefbehav_lj_0_width_9,1605059763,1603568185
133,i_basic_i_pos,1605059763,0
134,i_basic_i_neg,1605059763,0
135,i_basic_i_zero,1605059763,0
136,i_basic_i_onlypos,1605059763,0
137,i_basic_i_onlyneg,1605059763,0
138,i_basic_i_onlyzero,1605059763,0
139,d_basic_pos,1605059763,0
140,d_basic_neg,1605059763,0
141,d_basic_zero,1605059763,0
142,i_intmax,1605059763,0
143,i_intmin,1605059763,0
144,i_width_pos_fits,1605059763,0
145,i_width_neg_fits,1605059763,1603568185
146,i_width_zero_fits,1605059763,0
147,i_width_pos_exactfit,1605059763,0
148,i_width_neg_exactfit,1605059763,0
149,i_width_pos_nofit,1605059763,0
150,i_width_neg_nofit,1605059763,0
151,i_width_pos_fits_lj,1605059763,1603568185
152,i_width_neg_fits_lj,1605059763,1603568185
153,i_width_zero_fits_lj,1605059763,1603568185
154,i_width_pos_exactfit_lj,1605059763,0
155,i_width_neg_exactfit_lj,1605059763,0
156,i_width_pos_nofit_lj,1605059763,0
157,i_width_neg_nofit_lj,1605059763,0
158,i_prec_fits_pos,1605059763,0
159,i_prec_fits_neg,1605059763,0
160,i_prec_fits_zero,1605059763,0
161,i_prec_exactfit_pos,1605059763,0
162,i_prec_exactfit_neg,1605059763,0
163,i_prec_nofit_pos,1605059763,0
164,i_prec_nofit_neg,1605059763,0
165,i_zp_pos_fits,1605059763,1603568185
166,i_zp_neg_fits,1605059763,1603568185
167,i_zp_zero_fits,1605059763,1603568185
168,i_zp_pos_exactfit,1605059763,0
169,i_zp_neg_exactfit,1605059763,0
170,i_zp_neg_minus1fit,1605059763,0
171,i_prec_width_fit_fit_pos,1605059763,0
172,i_prec_width_fit_fit_neg,1605059763,1603568185
173,i_prec_width_fit_fit_zero,1605059763,0
174,i_prec_width_nofit_fit_pos,1605059763,0
175,i_prec_width_nofit_fit_neg,1605059763,1603568185
176,i_prec_width_fit_nofit_pos,1605059763,0
177,i_prec_width_fit_nofit_neg,1605059763,0
178,i_prec_width_nofit_nofit_pos,1605059763,0
179,i_prec_width_nofit_nofit_neg,1605059763,0
180,i_prec_width_fit_fit_pos_lj,1605059763,1603568185
181,i_prec_width_fit_fit_neg_lj,1605059763,1603568185
182,i_prec_width_fit_fit_zero_lj,1605059763,1603568185
183,i_prec_width_nofit_fit_pos_lj,1605059763,1603568185
184,i_prec_width_nofit_fit_neg_lj,1605059763,1603568185
185,i_prec_width_fit_nofit_pos_lj,1605059763,0
186,i_prec_width_fit_nofit_neg_lj,1605059763,0
187,i_prec_width_nofit_nofit_pos_lj,1605059763,0
188,i_prec_width_nofit_nofit_neg_lj,1605059763,0
189,i_prec_width_ff_pos_zp,1605059763,0
190,i_prec_width_ff_neg_zp,1605059763,1603568185
191,i_prec_width_ff_zero_zp,1605059763,0
192,i_prec_width_nf_pos_zp,1605059763,0
193,i_prec_width_nf_neg_zp,1605059763,1603568185
194,i_prec_width_fn_pos_zp,1605059763,0
195,i_prec_width_fn_neg_zp,1605059763,0
196,i_prec_width_nn_pos_zp,1605059763,0
197,i_prec_width_nn_neg_zp,1605059763,0
198,i_prec_width_ff_pos_lj_zp_ignoreflag,1605059763,1603568185
199,i_prec_width_ff_neg_ljzp_ignoreflag,1605059763,1603568185
200,i_prec_width_ff_zero_ljzp_ignoreflag,1605059763,1603568185
201,i_prec_width_nf_pos_ljzp_ignoreflag,1605059763,1603568185
202,i_prec_width_nf_neg_ljzp_ignoreflag,1605059763,1603568185
203,i_prec_width_fn_pos_ljzp_ignoreflag,1605059763,0
204,i_prec_width_fn_neg_ljzp_ignoreflag,1605059763,0
205,i_prec_width_nn_pos_ljzp_ignoreflag,1605059763,0
206,i_prec_width_nn_neg_ljzp_ignoreflag,1605059763,0
207,i_size_follows_i_i,1605059763,0
208,i_prec0val0_basic,1605059763,1603568185
209,i_prec0val0_implicit,1605059763,1603568185
210,i_prec0val0_w,1605059763,1603568185
211,i_prec0val0_w_impl,1605059763,1603568185
212,i_prec0val0_wlj,1605059763,1603568185
213,i_prec0val0_wlj_impl,1605059763,1603568185
214,d_basic_i_pos,1605059763,0
215,d_basic_i_neg,1605059763,0
216,d_basic_i_zero,1605059763,0
217,d_basic_i_onlypos,1605059763,0
218,d_basic_i_onlyneg,1605059763,0
219,d_basic_i_onlyzero,1605059763,0
220,d_intmax,1605059763,0
221,d_intmin,1605059763,0
222,d_width_pos_fits,1605059763,0
223,d_width_neg_fits,1605059763,1603568185
224,d_width_zero_fits,1605059763,0
225,d_width_pos_exactfit,1605059763,0
226,d_width_neg_exactfit,1605059763,0
227,d_width_pos_nofit,1605059763,0
228,d_width_neg_nofit,1605059763,0
229,d_width_pos_fits_lj,1605059763,1603568185
230,d_width_neg_fits_lj,1605059763,1603568185
231,d_width_zero_fits_lj,1605059763,1603568185
232,d_width_pos_exactfit_lj,1605059763,0
233,d_width_neg_exactfit_lj,1605059763,0
234,d_width_pos_nofit_lj,1605059763,0
235,d_width_neg_nofit_lj,1605059763,0
236,d_prec_fits_pos,1605059763,0
237,d_prec_fits_neg,1605059763,0
238,d_prec_fits_zero,1605059763,0
239,d_prec_exactfit_pos,1605059763,0
240,d_prec_exactfit_neg,1605059763,0
241,d_prec_nofit_pos,1605059763,0
242,d_prec_nofit_neg,1605059763,0
243,d_zp_pos_fits,1605059763,1603568185
244,d_zp_neg_fits,1605059763,1603568185
245,d_zp_zero_fits,1605059763,1603568185
246,d_zp_pos_exactfit,1605059763,0
247,d_zp_neg_exactfit,1605059763,0
248,d_zp_neg_minus1fit,1605059763,0
249,d_prec_width_fit_fit_pos,1605059763,0
250,d_prec_width_fit_fit_neg,1605059763,1603568185
251,d_prec_width_fit_fit_zero,1605059763,0
252,d_prec_width_nofit_fit_pos,1605059763,0
253,d_prec_width_nofit_fit_neg,1605059763,1603568185
254,d_prec_width_fit_nofit_pos,1605059763,0
255,d_prec_width_fit_nofit_neg,1605059763,0
256,d_prec_width_nofit_nofit_pos,1605059763,0
257,d_prec_width_nofit_nofit_neg,1605059763,0
258,d_prec_width_fit_fit_pos_lj,1605059763,1603568185
259,d_prec_width_fit_fit_neg_lj,1605059763,1603568185
260,d_prec_width_fit_fit_zero_lj,1605059763,1603568185
261,d_prec_width_nofit_fit_pos_lj,1605059763,1603568185
262,d_prec_width_nofit_fit_neg_lj,1605059763,1603568185
263,d_prec_width_fit_nofit_pos_lj,1605059763,0
264,d_prec_width_fit_nofit_neg_lj,1605059763,0
265,d_prec_width_nofit_nofit_pos_lj,1605059763,0
266,d_prec_width_nofit_nofit_neg_lj,1605059763,0
267,d_prec_width_ff_pos_zp,1605059763,0
268,d_prec_width_ff_neg_zp,1605059763,1603568185
269,d_prec_width_ff_zero_zp,1605059763,0
270,d_prec_width_nf_pos_zp,1605059763,0
271,d_prec_width_nf_neg_zp,1605059763,1603568185
272,d_prec_width_fn_pos_zp,1605059763,0
273,d_prec_width_fn_neg_zp,1605059763,0
274,d_prec_width_nn_pos_zp,1605059763,0
275,d_prec_width_nn_neg_zp,1605059763,0
276,d_prec_width_ff_pos_lj_zp_ignoreflag,1605059763,1603568185
277,d_prec_width_ff_neg_ljzp_ignoreflag,1605059763,1603568185
278,d_prec_width_ff_zero_ljzp_ignoreflag,1605059763,1603568185
279,d_prec_width_nf_pos_ljzp_ignoreflag,1605059763,1603568185
280,d_prec_width_nf_neg_ljzp_ignoreflag,1605059763,1603568185
281,d_prec_width_fn_pos_ljzp_ignoreflag,1605059763,0
282,d_prec_width_fn_neg_ljzp_ignoreflag,1605059763,0
283,d_prec_width_nn_pos_ljzp_ignoreflag,1605059763,0
284,d_prec_width_nn_neg_ljzp_ignoreflag,1605059763,0
285,d_prec0val0_basic,1605059763,1603568185
286,d_prec0val0_implicit,1605059763,1603568185
287,d_prec0val0_w,1605059763,1603568185
288,d_prec0val0_w_impl,1605059763,1603568185
289,d_prec0val0_wlj,1605059763,1603568185
290,d_prec0val0_wlj_impl,1605059763,1603568185
291,u_basic_u_pos,1605059763,0
292,u_basic_u_zero,1605059763,0
293,u_basic_u_onlypos,1605059763,0
294,u_uintmax,1605059763,0
295,u_width_pos_fits,1605059763,0
296,u_width_zero_fits,1605059763,0
297,u_width_pos_exactfit,1605059763,0
298,u_width_pos_nofit,1605059763,0
299,u_width_pos_fits_lj,1605059763,1603568185
300,u_width_zero_fits_lj,1605059763,1603568185
301,u_width_pos_exactfit_lj,1605059763,0
302,u_width_pos_nofit_lj,1605059763,0
303,u_prec_fits_pos,1605059763,0
304,u_prec_fits_zero,1605059763,0
305,u_prec_exactfit_pos,1605059763,0
306,u_prec_nofit_pos,1605059763,0
307,u_zp_pos_fits,1605059763,1603568185
308,u_zp_zero_fits,1605059763,1603568185
309,u_zp_pos_exactfit,1605059763,0
310,u_prec_width_fit_fit_pos,1605059763,0
311,u_prec_width_fit_fit_zero,1605059763,0
312,u_prec_width_nofit_fit_pos,1605059763,0
313,u_prec_width_fit_nofit_pos,1605059763,0
314,u_prec_width_nofit_nofit_pos,1605059763,0
315,u_prec_width_fit_fit_pos_lj,1605059763,1603568185
316,u_prec_width_fit_fit_zero_lj,1605059763,1603568185
317,u_prec_width_nofit_fit_pos_lj,1605059763,1603568185
318,u_prec_width_fit_nofit_pos_lj,1605059763,0
319,u_prec_width_nofit_nofit_pos_lj,1605059763,0
320,u_prec_width_ff_pos_zp,1605059763,0
321,u_prec_width_ff_zero_zp,1605059763,0
322,u_prec_width_nf_pos_zp,1605059763,0
323,u_prec_width_fn_pos_zp,1605059763,0
324,u_prec_width_nn_pos_zp,1605059763,0
325,u_prec_width_ff_pos_ljzp_ignoreflag,1605059763,1603568185
326,u_prec_width_ff_zero_ljzp_ignoreflag,1605059763,1603568185
327,u_prec_width_nf_pos_ljzp_ignoreflag,1605059763,1603568185
328,u_prec_width_fn_pos_ljzp_ignoreflag,1605059763,0
329,u_prec_width_nn_pos_ljzp_ignoreflag,1605059763,0
330,u_prec0val0_basic,1605059763,1603568185
331,u_prec0val0_implicit,1605059763,1603568185
332,u_prec0val0_w,1605059763,1603568185
333,u_prec0val0_w_impl,1605059763,1603568185
334,u_prec0val0_wlj,1605059763,1603568185
335,u_prec0val0_wlj_impl,1605059763,1603568185
336,x_basic_pos,1605059763,0
337,x_basic_zero,1605059763,0
338,x_basic_onlypos,1605059763,0
339,x_hexlmax,1605059763,0
340,x_width_pos_fits,1605059763,0
341,x_width_zero_fits,1605059763,0
342,x_width_pos_exactfit,1605059763,0
343,x_width_pos_nofit,1605059763,0
344,x_width_pos_fits_lj,1605059763,1603568185
345,x_width_zero_fits_lj,1605059763,1603568185
346,x_width_pos_exactfit_lj,1605059763,1603568185
347,x_width_pos_nofit_lj,1605059763,0
348,x_prec_fits_pos,1605059763,0
349,x_prec_fits_zero,1605059763,0
350,x_prec_exactfit_pos,1605059763,0
351,x_prec_nofit_pos,1605059763,0
352,x_zp_pos_fits,1605059763,1603568185
353,x_zp_zero_fits,1605059763,1603568185
354,x_zp_pos_exactfit,1605059763,0
355,x_prec_width_fit_fit_pos,1605059763,0
356,x_prec_width_fit_fit_zero,1605059763,0
357,x_prec_width_nofit_fit_pos,1605059763,0
358,x_prec_width_fit_nofit_pos,1605059763,0
359,x_prec_width_nofit_nofit_pos,1605059763,0
360,x_prec_width_fit_fit_pos_lj,1605059763,1603568185
361,x_prec_width_fit_fit_zero_lj,1605059763,1603568185
362,x_prec_width_nofit_fit_pos_lj,1605059763,1603568185
363,x_prec_width_fit_nofit_pos_lj,1605059763,0
364,x_prec_width_nofit_nofit_pos_lj,1605059763,0
365,x_prec_width_ff_pos_zp,1605059763,0
366,x_prec_width_ff_zero_zp,1605059763,0
367,x_prec_width_nf_pos_zp,1605059763,0
368,x_prec_width_fn_pos_zp,1605059763,0
369,x_prec_width_nn_pos_zp,1605059763,0
370,x_prec_width_ff_pos_ljzp_ignoreflag,1605059763,1603568185
371,x_prec_width_ff_zero_ljzp_ignoreflag,1605059763,1603568185
372,x_prec_width_nf_pos_ljzp_ignoreflag,1605059763,1603568185
373,x_prec_width_fn_pos_ljzp_ignoreflag,1605059763,0
374,x_prec_width_nn_pos_ljzp_ignoreflag,1605059763,0
375,x_prec0val0_basic,1605059763,1603568185
376,x_prec0val0_implicit,1605059763,1603568185
377,x_prec0val0_w,1605059763,1603568185
378,x_prec0val0_w_impl,1605059763,1603568185
379,x_prec0val0_wlj,1605059763,1603568185
380,x_prec0val0_wlj_impl,1605059763,1603568185
381,X_basic_hexu_pos,1605059763,0
382,X_basic_hexu_zero,1605059763,0
383,X_basic_hexu_onlypos,1605059763,0
384,X_hexumax,1605059763,0
385,X_width_pos_fits,1605059763,0
386,X_width_zero_fits,1605059763,0
387,X_width_pos_exactfit,1605059763,0
388,X_width_pos_nofit,1605059763,0
389,X_width_pos_fits_lj,1605059763,1603568185
390,X_width_zero_fits_lj,1605059763,1603568185
391,X_width_pos_exactfit_lj,1605059763,1603568185
392,X_width_pos_nofit_lj,1605059763,0
393,X_prec_fits_pos,1605059763,0
394,X_prec_fits_zero,1605059763,0
395,X_prec_exactfit_pos,1605059763,0
396,X_prec_nofit_pos,1605059763,0
397,X_zp_pos_fits,1605059763,1603568185
398,X_zp_zero_fits,1605059763,1603568185
399,X_zp_pos_exactfit,1605059763,0
400,X_prec_width_fit_fit_pos,1605059763,0
401,X_prec_width_fit_fit_zero,1605059763,0
402,X_prec_width_nofit_fit_pos,1605059763,0
403,X_prec_width_fit_nofit_pos,1605059763,0
404,X_prec_width_nofit_nofit_pos,1605059763,0
405,X_prec_width_fit_fit_pos_lj,1605059763,1603568185
406,X_prec_width_fit_fit_zero_lj,1605059763,1603568185
407,X_prec_width_nofit_fit_pos_lj,1605059763,1603568185
408,X_prec_width_fit_nofit_pos_lj,1605059763,0
409,X_prec_width_nofit_nofit_pos_lj,1605059763,0
410,X_prec_width_ff_pos_zp,1605059763,0
411,X_prec_width_ff_zero_zp,1605059763,0
412,X_prec_width_nf_pos_zp,1605059763,0
413,X_prec_width_fn_pos_zp,1605059763,0
414,X_prec_width_nn_pos_zp,1605059763,0
415,X_prec_width_ff_pos_ljzp_ignoreflag,1605059763,1603568185
416,X_prec_width_ff_zero_ljzp_ignoreflag,1605059763,1603568185
417,X_prec_width_nf_pos_ljzp_ignoreflag,1605059763,1603568185
418,X_prec_width_fn_pos_ljzp_ignoreflag,1605059763,0
419,X_prec_width_nn_pos_ljzp_ignoreflag,1605059763,0
420,X_prec0val0_basic,1605059763,1603568185
421,X_prec0val0_implicit,1605059763,1603568185
422,X_prec0val0_w,1605059763,1603568185
423,X_prec0val0_w_impl,1605059763,1603568185
424,X_prec0val0_wlj,1605059763,1603568185
425,X_prec0val0_wlj_impl,1605059763,1603568185
426,p_null,1605059763,0
427,p_null_width_fit,1605059763,1603568185
428,p_null_width_nofit,1605059763,1603568185
429,p_void,1605059763,1603568185
430,p_void_width_fit,1605059763,1603568185
431,p_void_width_nofit,1605059763,1603568185
432,p_ftfc_literal_9w_prec2_undefbehav,1605059763,1603568185
433,p_ftfc_literal_2w_prec9_undefbehav,1605059763,0
434,p_ftfc_zero_prec5_undefbehav,1605059763,0
435,p_ftfc_zero_prec0_undefbehav,1605059763,1603568185
436,p_ftfc_5w_throwswarning,1605059763,1603568185
437,p_basic,1605059763,0
438,p_width_fit,1605059763,1603568185
439,p_width_nofit,1605059763,0
440,p_width_16,1605059763,1603568185
441,p_width_8,1605059763,0
442,p_width_32,1605059763,1603568185
443,p_width_fit_lj,1605059763,1603568185
444,p_width_nofit_lj,1605059763,0
445,p_width_16_lj,1605059763,1603568185
446,p_width_8_lj,1605059763,0
447,p_width_32_lj,1605059763,1603568185
448,c_allprintable_combined,1605059763,0
449,c_1_31_combined,1605059763,0
450,c_128_255_combined,1605059763,1604608452
451,c_allprintable_width,1605059763,1603568185
452,c_1_31_width,1605059763,1603568185
453,c_128_255_width,1605059763,1604608452
454,c_allprintable_width_lj,1605059763,1603568185
455,c_1_31_width_lj,1605059763,1603568185
456,c_128_255_width_lj,1605059763,1604608452
457,c_nullterm_basic,1604608452,1605059763
458,c_nullterm_5w,1604608452,1605059763
459,c_nullterm_5wlj,1604608452,1605059763
460,mix_successive_0,1605059763,0
461,mix_successive_4,1605059763,0
462,mix_successive_6,1605059763,0
463,mix_successive_10,1605059763,0
464,mix_successive_16,1605059763,0
465,mix_successive_20,1605059763,0
466,mix_successive_21,1605059763,0
467,mix_successive_28,1605059763,0
468,mix_successive_30,1605059763,0
469,mix_successive_31,1605059763,0
470,mix_successive_32,1605059763,0
471,mix_successive_39,1605059763,0
472,mix_successive_40,1605059763,0
473,mix_successive_42,1605059763,0
474,mix_successive_43,1605059763,0
475,mix_successive_45,1605059763,0
476,mix_successive_46,1605059763,0
477,mix_successive_61,1605059763,0
478,mix_successive_64,1605059763,0
479,nocrash_noarg_1_notmandatory,1605059763,1603568185
480,nocrash_noarg_2_notmandatory,1605059763,1603568185
481,nocrash_noarg_3_notmandatory,1605059763,1603568185
482,nocrash_noarg_4_notmandatory,1605059763,1603568185
483,nocrash_noarg_5_notmandatory,1605059763,1603568185
484,nocrash_noarg_6_notmandatory,1605059763,1603568185
485,nocrash_noarg_9_notmandatory,1605059763,1603568185
486,nocrash_noarg_10_notmandatory,1605059763,1603568185
487,nocrash_noarg_11_notmandatory,1605059763,1603568185
488,nocrash_noarg_12_notmandatory,1605059763,1603568185
489,nocrash_noarg_13_notmandatory,1605059763,1603568185
490,nocrash_noarg_14_notmandatory,1605059763,1603568185
491,nocrash_noarg_15_notmandatory,1605059763,1603568185
492,nocrash_noarg_16_notmandatory,1605059763,0
493,nocrash_noarg_17_notmandatory,1605059763,0
494,nocrash_noarg_19_notmandatory,1605059763,0
495,nocrash_noarg_20_notmandatory,1605059763,0
496,nocrash_noarg_21_notmandatory,1605059763,0
497,nocrash_noarg_22_notmandatory,1605059763,0
498,nocrash_noarg_24_notmandatory,1605059763,0
499,nocrash_noarg_25_notmandatory,1605059763,0
500,nocrash_nullarg_1,1605059763,0
501,nocrash_nullarg_2,1605059763,0
502,nocrash_nullarg_3,1605059763,0
503,nocrash_nullarg_4,1605059763,0
504,nocrash_nullarg_5,1605059763,0
505,nocrash_nullarg_6,1605059763,0
506,nocrash_nullarg_9,1605059763,0
507,nocrash_nullarg_10,1605059763,0
508,nocrash_nullarg_11,1605059763,0
509,nocrash_nullarg_12,1605059763,0
510,nocrash_nullarg_13,1605059763,0
511,nocrash_nullarg_14,1605059763,0
512,nocrash_nullarg_15,1605059763,0
513,nocrash_nullarg_16,1605059763,0
514,nocrash_nullarg_17,1605059763,0
515,nocrash_nullarg_18,1605059763,1603568185
516,nocrash_nullarg_19,1605059763,0
517,nocrash_nullarg_20,1605059763,0
518,nocrash_nullarg_21,1605059763,0
519,nocrash_nullarg_22,1605059763,0
520,nocrash_nullarg_23,1605059763,0
521,nocrash_nullarg_24,1605059763,0
522,nocrash_nullarg_25,1605059763,0
523,nocrash_mandatory_wformat_undefbehav_01,1605059763,0
524,nocrash_mandatory_wformat_undefbehav_02,1605059763,0
525,nocrash_mandatory_wformat_undefbehav_03,1605059763,0
526,nocrash_mandatory_wformat_undefbehav_04,1605059763,0
527,nocrash_mandatory_wformat_undefbehav_05,1605059763,0
528,nocrash_mandatory_wformat_undefbehav_06,1605059763,0
529,nocrash_mandatory_wformat_undefbehav_07,1605059763,0
530,nocrash_mandatory_wformat_undefbehav_38,1605059763,0
531,nocrash_mandatory_wformat_undefbehav_39,1605059763,0
532,nocrash_mandatory_dupflag_d_spsp,1605059763,0
533,nocrash_mandatory_dupflag_d_ljljw,1605059763,0
534,nocrash_mandatory_dupflag_x_afaf,1605059763,0
535,nocrash_mandatory_c_prec_1,1605059763,0
536,nocrash_mandatory_c_prec_2,1605059763,0
537,nocrash_mandatory_c_af,1605059763,0
538,nocrash_mandatory_c_zp_1,1605059763,0
539,nocrash_mandatory_c_zp_2,1605059763,0
540,nocrash_mandatory_c_sp_1,1605059763,0
541,nocrash_mandatory_c_sp_2,1605059763,0
542,nocrash_mandatory_c_size_hh,1605059763,0
543,nocrash_mandatory_c_size_h,1605059763,0
544,nocrash_mandatory_c_size_l,1605059763,0
545,nocrash_mandatory_c_size_ll,1605059763,0
546,nocrash_mandatory_c_size_L,1605059763,0
547,nocrash_mandatory_c_lj_nowidth,1605059763,0
548,nocrash_mandatory_s_af,1605059763,0
549,nocrash_mandatory_s_zp_1,1605059763,0
550,nocrash_mandatory_s_zp_2,1605059763,0
551,nocrash_mandatory_s_sp_1,1605059763,0
552,nocrash_mandatory_s_size_hh,1605059763,0
553,nocrash_mandatory_s_size_h,1605059763,0
554,nocrash_mandatory_s_size_l,1605059763,0
555,nocrash_mandatory_s_size_ll,1605059763,0
556,nocrash_mandatory_s_size_L,1605059763,0
557,nocrash_mandatory_s_lj_nowidth,1605059763,0
558,nocrash_mandatory_p_prec_1,1605059763,0
559,nocrash_mandatory_p_prec_2,1605059763,0
560,nocrash_mandatory_p_af,1605059763,0
561,nocrash_mandatory_p_zp_1,1605059763,0
562,nocrash_mandatory_p_zp_2,1605059763,0
563,nocrash_mandatory_p_sp_1,1605059763,0
564,nocrash_mandatory_p_sp_2,1605059763,0
565,nocrash_mandatory_p_size_hh,1605059763,0
566,nocrash_mandatory_p_size_h,1605059763,0
567,nocrash_mandatory_p_size_l,1605059763,0
568,nocrash_mandatory_p_size_ll,1605059763,0
569,nocrash_mandatory_p_size_L,1605059763,0
570,nocrash_mandatory_p_lj_nowidth,1605059763,0
571,nocrash_mandatory_d_size_L,1605059763,0
572,nocrash_mandatory_d_af,1605059763,0
573,nocrash_mandatory_d_size_hhh,1605059763,0
574,nocrash_mandatory_d_size_hhhh,1605059763,0
575,nocrash_mandatory_d_size_hhl,1605059763,0
576,nocrash_mandatory_d_size_hhll,1605059763,0
577,nocrash_mandatory_d_size_llh,1605059763,0
578,nocrash_mandatory_d_size_lll,1605059763,0
579,nocrash_mandatory_i_size_L,1605059763,0
580,nocrash_mandatory_i_af,1605059763,0
581,nocrash_mandatory_i_size_hhh,1605059763,0
582,nocrash_mandatory_i_lj_nowidth,1605059763,0
583,nocrash_mandatory_o_sp,1605059763,0
584,nocrash_mandatory_o_size_L,1605059763,0
585,nocrash_mandatory_o_size_hhh,1605059763,0
586,nocrash_mandatory_o_size_hhhh,1605059763,0
587,nocrash_mandatory_o_size_hhl,1605059763,0
588,nocrash_mandatory_o_size_hhll,1605059763,0
589,nocrash_mandatory_o_size_llh,1605059763,0
590,nocrash_mandatory_o_size_lll,1605059763,0
591,nocrash_mandatory_o_lj_nowidth,1605059763,0
592,nocrash_mandatory_u_size_L,1605059763,0
593,nocrash_mandatory_u_af,1605059763,0
594,nocrash_mandatory_u_sp,1605059763,0
595,nocrash_mandatory_u_size_hhh,1605059763,0
596,nocrash_mandatory_u_size_hhhh,1605059763,0
597,nocrash_mandatory_u_size_hhl,1605059763,0
598,nocrash_mandatory_u_size_hhll,1605059763,0
599,nocrash_mandatory_u_size_llh,1605059763,0
600,nocrash_mandatory_u_size_lll,1605059763,0
601,nocrash_mandatory_u_lj_nowidth,1605059763,0
602,nocrash_mandatory_x_size_L,1605059763,0
603,nocrash_mandatory_x_sp,1605059763,0
604,nocrash_mandatory_x_size_hhh,1605059763,0
605,nocrash_mandatory_x_size_hhhh,1605059763,0
606,nocrash_mandatory_x_size_hhl,1605059763,0
607,nocrash_mandatory_x_size_hhll,1605059763,0
608,nocrash_mandatory_x_size_llh,1605059763,0
609,nocrash_mandatory_x_size_lll,1605059763,0
610,nocrash_mandatory_X_size_L,1605059763,0
611,nocrash_mandatory_X_sp,1605059763,0
612,nocrash_mandatory_X_size_hhh,1605059763,0
613,nocrash_mandatory_X_size_llh,1605059763,0
614,nocrash_mandatory_x_lj_nowidth,1605059763,0
615,nocrash_mandatory_f_size_hh,1605059763,0
616,nocrash_mandatory_f_size_h,1605059763,0
617,nocrash_mandatory_f_size_ll,1605059763,0
618,nocrash_mandatory_f_size_lll,1605059763,0
619,nocrash_mandatory_f_size_llll,1605059763,0
620,nocrash_mandatory_f_size_LL,1605059763,0
621,nocrash_mandatory_f_size_Ll,1605059763,0
622,nocrash_mandatory_f_size_lL,1605059763,0
623,nocrash_mandatory_f_lj_nowidth,1605059763,0
624,moul_s_1,1605059763,0
625,moul_s_2,1605059763,0
626,moul_s_3,1605059763,0
627,moul_s_4,1605059763,1603568185
628,moul_s_5_this_ones_a_doozy,1604608452,1605059763
629,moul_d_1,1605059763,0
630,moul_d_2,1605059763,0
631,moul_d_3,1605059763,0
632,moul_d_4,1605059763,0
633,moul_d_5,1605059763,0
634,moul_d_6,1605059763,0
635,moul_d_7,1605059763,0
636,moul_d_8,1605059763,0
637,moul_d_9,1605059763,0
638,moul_d_10,1605059763,0
639,moul_d_11,1605059763,0
640,moul_d_12,1605059763,0
641,moul_mix_1,1605059763,0
642,moul_c_1,1605059763,0
643,moul_c_2,1605059763,0
644,moul_c_3,1605059763,0
645,moul_c_4,1604608452,1605059763
646,moul_c_5,1604608452,1605059763
647,moul_c_5b,1605059763,1604608452
648,moul_c_6,1605059763,0
649,moul_c_7,1605059763,0
650,moul_c_8,1605059763,0
651,moul_c_9,1605059763,0
652,moul_c_10,1605059763,0
653,moul_c_11,1605059763,0
654,moul_c_12,1605059763,0
655,moul_c_13,1605059763,0
656,moul_c_14,1605059763,0
657,moul_c_15,1605059763,0
658,moul_c_16,1605059763,0
659,moul_c_17,1605059763,0
660,moul_c_18,1605059763,0
661,moul_c_19,1605059763,0
662,moul_c_20,1605059763,0
663,moul_c_21,1605059763,0
664,moul_c_22,1605059763,0
665,moul_c_23,1605059763,0
666,moul_c_24,1605059763,0
667,moul_c_25,1605059763,0
668,moul_c_26,1605059763,0
669,moul_c_27,1605059763,0
670,moul_c_28,1605059763,0
671,moul_i_1,1605059763,0
672,moul_i_2,1605059763,0
673,moul_i_3,1605059763,0
674,moul_i_4,1605059763,0
675,moul_i_5,1605059763,0
676,moul_i_6,1605059763,0
677,moul_i_7,1605059763,0
678,moul_i_8,1605059763,0
679,moul_i_9,1605059763,0
680,moul_i_10,1605059763,0
681,moul_i_11,1605059763,0
682,moul_i_12,1605059763,0
683,moul_u_1,1605059763,0
684,moul_u_2,1605059763,0
685,moul_u_3,1605059763,0
686,moul_u_4,1605059763,0
687,moul_u_5,1605059763,0
688,moul_u_6,1605059763,0
689,moul_u_7,1605059763,0
690,moul_u_8,1605059763,0
691,moul_u_9,1605059763,0
692,moul_u_10,1605059763,0
693,moul_u_11,1605059763,0
694,moul_u_12,1605059763,0
695,moul_x_1,1605059763,0
696,moul_x_2,1605059763,0
697,moul_x_3,1605059763,0
698,moul_x_4,1605059763,0
699,moul_x_5,1605059763,0
700,moul_x_6,1605059763,0
701,moul_x_7,1605059763,0
702,moul_x_8,1605059763,0
703,moul_x_9,1605059763,0
704,moul_x_10,1605059763,0
705,moul_x_11,1605059763,0
706,moul_x_12,1605059763,0
707,moul_prec_1,1605059763,1603568185
708,moul_prec_3,1605059763,0
709,moul_prec_4,1605059763,0
710,moul_prec_5,1605059763,0
711,moul_zeropad_1,1605059763,1603568185
712,moul_zeropad_2,1605059763,1603568185
713,moul_zeropad_3,1605059763,0
714,moul_zeropad_4,1605059763,0
715,moul_leftjusty_1,1605059763,0
716,moul_leftjusty_2,1605059763,0
717,moul_leftjusty_3,1605059763,0
718,moul_leftjusty_4,1605059763,1603568185
719,moul_leftjusty_5,1605059763,1603568185
720,moul_leftjusty_6,1605059763,1603568185
721,moul_leftjusty_7,1605059763,1603568185
722,moul_notmandatory_star_1,1605059763,1603568185
723,moul_notmandatory_star_3,1605059763,0
724,moul_notmandatory_star_4,1605059763,0
725,moul_notmandatory_star_5,1605059763,0
726,new2019_star_1,1605059763,0
727,new2019_star_2,1605059763,1603568185
728,new2019_star_3,1605059763,1603568185
729,new2019_star_4,1605059763,1603568185
730,new2019_star_5,1605059763,0
731,new2019_star_6,1605059763,1603568185
732,new2019_star_7,1605059763,0
733,new2019_star_8,1605059763,0
734,new2019_star_9,1605059763,1603568185
735,new2019_star_10,1605059763,1603568185
736,new2019_negstar_1,1605059763,1603568185
737,new2019_negstar_2,1605059763,1603568185
738,new2019_negstar_3,1605059763,0
739,new2019_negstar_4,1605059763,1603568185
740,new2019_negstar_5,1605059763,1603568185
741,new2019_negstar_6,1605059763,0
742,new2019_negstar_7,1605059763,1603568185
743,new2019_negstar_8,1605059763,1603568185
744,new2019_negstar_9,1605059763,1603568185
